Question,Choices,True Answer,Predicted Answer,Predicted Answer Text,Model Output,Model Explanation,Reference Solution,BLEU-1,BLEU-4,ROUGE-L,Keyword Overlap
Compare the average kinetic energies of the particles in each sample. Which sample has the higher temperature?,"neither; the samples have the same temperature
sample B
sample A",2,2,sample A,"['Answer: C. sample A\nExplanation: The temperature of a substance depends on the average kinetic energy of the particles in the substance. The higher the average kinetic energy of the particles, the higher the temperature of the substance.\nThe kinetic energy of a particle is determined by its mass and speed. For a pure substance, the greater the mass of each particle in the substance and the higher the average speed of the particles, the higher their average kinetic energy. Each particle in sample A has more mass than each particle in sample B. The particles in sample A also have a higher average speed than the particles in sample B. So, the particles in sample A have a higher average kinetic energy than the particles in sample B.\nBecause the particles in sample A have the higher average kinetic energy, sample A must have the higher temperature.']","The temperature of a substance depends on the average kinetic energy of the particles in the substance. The higher the average kinetic energy of the particles, the higher the temperature of the substance.
The kinetic energy of a particle is determined by its mass and speed. For a pure substance, the greater the mass of each particle in the substance and the higher the average speed of the particles, the higher their average kinetic energy. Each particle in sample A has more mass than each particle in sample B. The particles in sample A also have a higher average speed than the particles in sample B. So, the particles in sample A have a higher average kinetic energy than the particles in sample B.
Because the particles in sample A have the higher average kinetic energy, sample A must have the higher temperature.","The particles in both samples have the same average speed, but each particle in sample A has more mass than each particle in sample B. So, the particles in sample A have a higher average kinetic energy than the particles in sample B.
Because the particles in sample A have the higher average kinetic energy, sample A must have the higher temperature.

The temperature of a substance depends on the average kinetic energy of the particles in the substance. The higher the average kinetic energy of the particles, the higher the temperature of the substance.
The kinetic energy of a particle is determined by its mass and speed. For a pure substance, the greater the mass of each particle in the substance and the higher the average speed of the particles, the higher their average kinetic energy.",0.916083916083916,0.8775646943321327,0.9195402248910028,0.9375
